<?xml version="1.0" encoding="ISO-8859-1"?>
<project>

  <!-- the version of maven's project object model -->
  <pomVersion>3</pomVersion>
  
  <!-- a unique name for this project -->
  <id>JOrrery</id>
  <groupId>org.johndavidtaylor.jorrery</groupId>
  
  <!-- a short but descriptive name for the project -->
  <name>JOrrery Java Orrery - an N Body simulator </name>
  
  <!-- The version of the project under development, e.g.
       1.1, 1.2, 2.0-dev -->
  <currentVersion>3.0</currentVersion>
  
  <!-- details about the organization that 'owns' the project -->
  <organization>
    <name>John Taylor's Stuff</name>
    <url>http://uk.geocities.com/johndavid_taylor</url>
    <logo>http://beanpeeler.sourceforge.net/images/atom.jpg</logo>
  </organization>
  
  <!-- the year the project started -->
  <inceptionYear>2001</inceptionYear>
  <package>org.johndavidtaylor.jorrery</package>
  <logo>http://beanpeeler.sourceforge.net/images/atom.jpg</logo>
  <description>
	JOrrery n-body simulator.  @TODO - pad this out  
  </description>
  <!-- a short description of what the project does -->
  <shortDescription>
    JOrrery n-body simulator.  @TODO - pad this out
  </shortDescription>

  <!-- the project home page -->
  <url>http://jorrery.sourceforge.net</url>
  <!--issueTrackingUrl>http://nagoya.apache.org/scarab/servlet/scarab/</issueTrackingUrl-->
  <siteAddress>jorrery.sourceforge.net</siteAddress>
  <siteDirectory>
    /home/groups/j/jo/jorrery/htdocs/docs
  </siteDirectory>
    <distributionSite>
	jorrery.sourceforge.net
  </distributionSite>
  <distributionDirectory>
    /home/groups/j/jo/jorrery/htdocs/dist
  </distributionDirectory>

  <!-- the version control repository and http url for online access
       the connection element has the form:
       scm:<system>:<system specific connection string> -->
  <repository>
    <connection>
      scm:cvs:ext:${maven.username}@cvs.sourceforge.net:/cvsroot/jorrery:JOrrery
    </connection>
    <developerConnection>
      scm:cvs:ext:${maven.username}@cvs.sourceforge.net:/cvsroot/jorrery:JOrrery
    </developerConnection>    
    <url>
      http://cvs.sourceforge.net/viewcvs.py/jorrery/
    </url>
  </repository>


  <!-- any mailing lists for the project -->
  <mailingLists/>
  
  <!-- who the developers are for the project -->
  <developers>

    <developer>
      <name>John David Taylor</name>
      <id>jdt</id>
      <email>johndavid_taylor@yahoo.co.uk</email>
      <organization>Astrogrid</organization>
      <roles>
      	<role>The Boss</role>
      </roles>
      <url>
      	http://uk.geocities.com/johndavid_taylor
      </url>	
      <timezone>0</timezone>
    </developer>

  </developers>

  <!-- jar files the project is dependent on -->
  <dependencies>
  	<dependency>
  		<id>beanpeeler</id>
		<groupId>org.johndavidtaylor</groupId>
  		<url>http://beanpeeler.sourceforge.net</url>
  		<version>Rel_1_0</version>
  	</dependency>

  	<dependency>
     <groupId>jdom</groupId>
     <artifactId>jdom</artifactId>
     <version>b9</version>
     <url>http://jdom.org</url>
  	</dependency>  	
			<dependency>
				<groupId>crimson</groupId>
				<artifactId>crimson</artifactId>
				<version>1.1.3</version>
			</dependency>
			

	  
  </dependencies>
	
  
  <!-- build information for the project -->
  <build>
 
    <sourceDirectory>${basedir}/src/java</sourceDirectory>
    <unitTestSourceDirectory>${basedir}/src/test</unitTestSourceDirectory>

    <nagEmailAddress>
      johndavid_taylor@yahoo.co.uk
    </nagEmailAddress>

    <aspectSourceDirectory/>

    <!-- Unit test cases -->
    <unitTest>
      <includes>
        <include>**/*.java</include>
      </includes>
    </unitTest>

    <!--resources>
      <resource>
        <directory>${basedir}/src/conf</directory>
        <includes>
          <include>*.properties</include>
        </includes>
      </resource>
    </resources-->
  </build>

   <reports>
    <report>
      maven-changelog-plugin
    </report>
    <report>
      maven-changes-plugin
    </report>
    <report>
      maven-checkstyle-plugin
    </report>
    <report>
      maven-clover-plugin
    </report>
    <report>
      maven-developer-activity-plugin
    </report>
    <report>
      maven-file-activity-plugin
    </report>
    <report>
      maven-javadoc-plugin
    </report>
    <report>
      maven-jdepend-plugin
    </report>
    <report>
      maven-junit-report-plugin
    </report>
    <report>
      maven-jxr-plugin
    </report>
    <report>
      maven-license-plugin
    </report>
    <report>
      maven-linkcheck-plugin
    </report>
    <report>
      maven-pmd-plugin
    </report>
    <report>
      maven-tasklist-plugin
    </report>
    <report>
      maven-simian-plugin
    </report>
  </reports>
</project>
